{
  "accuracy": 0.675,
  "confusion_matrix": [
    [
      27,
      3
    ],
    [
      10,
      0
    ]
  ],
  "classification_report": {
    "0": {
      "precision": 0.7297297297297297,
      "recall": 0.9,
      "f1-score": 0.8059701492537313,
      "support": 30.0
    },
    "1": {
      "precision": 0.0,
      "recall": 0.0,
      "f1-score": 0.0,
      "support": 10.0
    },
    "accuracy": 0.675,
    "macro avg": {
      "precision": 0.36486486486486486,
      "recall": 0.45,
      "f1-score": 0.40298507462686567,
      "support": 40.0
    },
    "weighted avg": {
      "precision": 0.5472972972972973,
      "recall": 0.675,
      "f1-score": 0.6044776119402985,
      "support": 40.0
    }
  },
  "rows": 180,
  "features": [
    "income",
    "loan_amount",
    "credit_score",
    "debt_to_income",
    "employment_years",
    "missed_payments",
    "loan_term_months"
  ]
}