{
  "accuracy": 0.65,
  "confusion_matrix": [
    [
      2,
      10
    ],
    [
      4,
      24
    ]
  ],
  "classification_report": {
    "0": {
      "precision": 0.3333333333333333,
      "recall": 0.16666666666666666,
      "f1-score": 0.2222222222222222,
      "support": 12.0
    },
    "1": {
      "precision": 0.7058823529411765,
      "recall": 0.8571428571428571,
      "f1-score": 0.7741935483870968,
      "support": 28.0
    },
    "accuracy": 0.65,
    "macro avg": {
      "precision": 0.5196078431372549,
      "recall": 0.5119047619047619,
      "f1-score": 0.4982078853046595,
      "support": 40.0
    },
    "weighted avg": {
      "precision": 0.5941176470588235,
      "recall": 0.65,
      "f1-score": 0.6086021505376344,
      "support": 40.0
    }
  },
  "rows": 180,
  "features": [
    "distance_km",
    "traffic_index",
    "weather_severity",
    "carrier_score",
    "package_weight",
    "warehouse_processing_hours",
    "priority_shipping"
  ]
}