{
  "accuracy": 0.6,
  "confusion_matrix": [
    [
      5,
      9
    ],
    [
      7,
      19
    ]
  ],
  "classification_report": {
    "0": {
      "precision": 0.4166666666666667,
      "recall": 0.35714285714285715,
      "f1-score": 0.38461538461538464,
      "support": 14.0
    },
    "1": {
      "precision": 0.6785714285714286,
      "recall": 0.7307692307692307,
      "f1-score": 0.7037037037037037,
      "support": 26.0
    },
    "accuracy": 0.6,
    "macro avg": {
      "precision": 0.5476190476190477,
      "recall": 0.5439560439560439,
      "f1-score": 0.5441595441595442,
      "support": 40.0
    },
    "weighted avg": {
      "precision": 0.5869047619047618,
      "recall": 0.6,
      "f1-score": 0.5920227920227921,
      "support": 40.0
    }
  },
  "rows": 180,
  "features": [
    "attendance_rate",
    "assignment_score",
    "exam_score",
    "family_income_index",
    "commute_minutes",
    "counseling_sessions",
    "online_activity_hours"
  ]
}