{
  "accuracy": 0.675,
  "confusion_matrix": [
    [
      26,
      3
    ],
    [
      10,
      1
    ]
  ],
  "classification_report": {
    "0": {
      "precision": 0.7222222222222222,
      "recall": 0.896551724137931,
      "f1-score": 0.8,
      "support": 29.0
    },
    "1": {
      "precision": 0.25,
      "recall": 0.09090909090909091,
      "f1-score": 0.13333333333333333,
      "support": 11.0
    },
    "accuracy": 0.675,
    "macro avg": {
      "precision": 0.4861111111111111,
      "recall": 0.493730407523511,
      "f1-score": 0.4666666666666667,
      "support": 40.0
    },
    "weighted avg": {
      "precision": 0.5923611111111111,
      "recall": 0.675,
      "f1-score": 0.6166666666666667,
      "support": 40.0
    }
  },
  "rows": 180,
  "features": [
    "temperature",
    "pressure",
    "vibration",
    "humidity",
    "machine_age_months",
    "shift_quality_score",
    "operator_experience"
  ]
}