{
  "accuracy": 0.675,
  "confusion_matrix": [
    [
      4,
      8
    ],
    [
      5,
      23
    ]
  ],
  "classification_report": {
    "0": {
      "precision": 0.4444444444444444,
      "recall": 0.3333333333333333,
      "f1-score": 0.38095238095238093,
      "support": 12.0
    },
    "1": {
      "precision": 0.7419354838709677,
      "recall": 0.8214285714285714,
      "f1-score": 0.7796610169491526,
      "support": 28.0
    },
    "accuracy": 0.675,
    "macro avg": {
      "precision": 0.5931899641577061,
      "recall": 0.5773809523809523,
      "f1-score": 0.5803066989507668,
      "support": 40.0
    },
    "weighted avg": {
      "precision": 0.6526881720430107,
      "recall": 0.675,
      "f1-score": 0.6600484261501212,
      "support": 40.0
    }
  },
  "rows": 180,
  "features": [
    "tenure_years",
    "salary_percentile",
    "performance_score",
    "overtime_hours",
    "manager_rating",
    "promotion_gap_years",
    "engagement_score"
  ]
}